-- MySQL dump 10.13  Distrib 8.0.42, for Win64 (x86_64)
--
-- Host: 127.0.0.1    Database: soft_engr_inventory_management
-- ------------------------------------------------------
-- Server version	8.0.42

/*!40101 SET @OLD_CHARACTER_SET_CLIENT=@@CHARACTER_SET_CLIENT */;
/*!40101 SET @OLD_CHARACTER_SET_RESULTS=@@CHARACTER_SET_RESULTS */;
/*!40101 SET @OLD_COLLATION_CONNECTION=@@COLLATION_CONNECTION */;
/*!50503 SET NAMES utf8 */;
/*!40103 SET @OLD_TIME_ZONE=@@TIME_ZONE */;
/*!40103 SET TIME_ZONE='+00:00' */;
/*!40014 SET @OLD_UNIQUE_CHECKS=@@UNIQUE_CHECKS, UNIQUE_CHECKS=0 */;
/*!40014 SET @OLD_FOREIGN_KEY_CHECKS=@@FOREIGN_KEY_CHECKS, FOREIGN_KEY_CHECKS=0 */;
/*!40101 SET @OLD_SQL_MODE=@@SQL_MODE, SQL_MODE='NO_AUTO_VALUE_ON_ZERO' */;
/*!40111 SET @OLD_SQL_NOTES=@@SQL_NOTES, SQL_NOTES=0 */;

--
-- Table structure for table `audit_log`
--

DROP TABLE IF EXISTS `audit_log`;
/*!40101 SET @saved_cs_client     = @@character_set_client */;
/*!50503 SET character_set_client = utf8mb4 */;
CREATE TABLE `audit_log` (
  `LogId` int NOT NULL AUTO_INCREMENT,
  `StaffId` int DEFAULT NULL,
  `TableName` varchar(255) NOT NULL,
  `RecordId` int NOT NULL,
  `LogDescription` longtext NOT NULL,
  `Timestamp` timestamp NULL DEFAULT CURRENT_TIMESTAMP,
  PRIMARY KEY (`LogId`),
  KEY `StaffId` (`StaffId`),
  CONSTRAINT `audit_log_ibfk_1` FOREIGN KEY (`StaffId`) REFERENCES `staff` (`StaffId`)
) ENGINE=InnoDB AUTO_INCREMENT=512 DEFAULT CHARSET=utf8mb4 COLLATE=utf8mb4_0900_ai_ci;
/*!40101 SET character_set_client = @saved_cs_client */;

--
-- Dumping data for table `audit_log`
--

LOCK TABLES `audit_log` WRITE;
/*!40000 ALTER TABLE `audit_log` DISABLE KEYS */;
INSERT INTO `audit_log` VALUES (1,2,'Staff',2,'Staff created: {Username: \"tess\", FirstName: \"Teresita\", MiddleInitial: \"C\", LastName: \"Tarantino}','2026-04-05 06:57:59'),(2,3,'Staff',3,'Staff created: {Username: \"mateo\", FirstName: \"Mateo\", MiddleInitial: \"A\", LastName: \"Madriaga}','2026-04-05 06:57:59'),(3,4,'Staff',4,'Staff created: {Username: \"esme\", FirstName: \"Esmeralda\", MiddleInitial: \"S\", LastName: \"Buenavista}','2026-04-05 06:57:59'),(4,0,'Product',1,'Product added: {ProductName: \"Caramel Syrup}','2026-04-05 06:58:09'),(5,0,'Product',2,'Product added: {ProductName: \"Vanilla Syrup}','2026-04-05 06:58:09'),(6,0,'Product',3,'Product added: {ProductName: \"Coffee Syrup}','2026-04-05 06:58:09'),(7,0,'Product',4,'Product added: {ProductName: \"Hazelnut Syrup}','2026-04-05 06:58:09'),(8,0,'Product',5,'Product added: {ProductName: \"Salted Caramel Syrup}','2026-04-05 06:58:09'),(9,0,'Product',6,'Product added: {ProductName: \"Buttery Caramel Syrup}','2026-04-05 06:58:09'),(10,0,'Product',7,'Product added: {ProductName: \"Pumpkin Pie Syrup}','2026-04-05 06:58:09'),(11,0,'Product',8,'Product added: {ProductName: \"Forest Pine Syrup}','2026-04-05 06:58:09'),(12,0,'Product',9,'Product added: {ProductName: \"Cookie Butter Syrup}','2026-04-05 06:58:09'),(13,0,'Product',10,'Product added: {ProductName: \"Irish Cream Syrup}','2026-04-05 06:58:09'),(14,0,'Product',11,'Product added: {ProductName: \"Puremade Strawberry Syrup}','2026-04-05 06:58:09'),(15,0,'Product',12,'Product added: {ProductName: \"Dark Chocolate Syrup}','2026-04-05 06:58:09'),(16,0,'Product',13,'Product added: {ProductName: \"Mocha Syrup}','2026-04-05 06:59:09'),(17,1,'Handled_Stock',-1,'Viewed handled stocks}','2026-04-05 10:53:53'),(18,2,'Handled_Stock',-1,'Viewed handled stocks}','2026-04-05 10:54:00'),(19,2,'Handled_Stock',-1,'Viewed handled stocks}','2026-04-05 10:54:00'),(20,2,'Handled_Stock',-1,'Viewed handled stocks}','2026-04-05 10:54:11'),(21,2,'Handled_Stock',-1,'Viewed handled stocks}','2026-04-05 10:54:11'),(22,2,'Handled_Stock',-1,'Viewed handled stocks}','2026-04-05 10:54:17'),(23,2,'Handled_Stock',-1,'Viewed handled stocks}','2026-04-05 10:54:17'),(24,2,'Handled_Stock',-1,'Viewed handled stocks}','2026-04-05 10:54:24'),(25,2,'Handled_Stock',-1,'Viewed handled stocks}','2026-04-05 10:54:24'),(26,2,'Handled_Stock',-1,'Viewed handled stocks}','2026-04-05 10:54:43'),(27,2,'Handled_Stock',-1,'Viewed handled stocks}','2026-04-05 10:54:43'),(28,2,'Handled_Stock',-1,'Viewed handled stocks}','2026-04-05 11:02:38'),(29,2,'Handled_Stock',-1,'Viewed handled stocks}','2026-04-05 11:02:38'),(30,2,'Handled_Stock',-1,'Viewed handled stocks}','2026-04-05 11:03:05'),(31,2,'Handled_Stock',-1,'Viewed handled stocks}','2026-04-05 11:03:05'),(32,2,'Handled_Stock',-1,'Viewed handled stocks}','2026-04-05 11:03:21'),(33,2,'Handled_Stock',-1,'Viewed handled stocks}','2026-04-05 11:03:21'),(34,2,'Handled_Stock',-1,'Viewed handled stocks}','2026-04-05 11:03:43'),(35,2,'Handled_Stock',-1,'Viewed handled stocks}','2026-04-05 11:03:43'),(36,2,'Handled_Stock',-1,'Viewed handled stocks}','2026-04-05 11:04:30'),(37,2,'Handled_Stock',-1,'Viewed handled stocks}','2026-04-05 11:04:30'),(38,2,'Handled_Stock',-1,'Viewed handled stocks}','2026-04-05 11:04:41'),(39,2,'Handled_Stock',-1,'Viewed handled stocks}','2026-04-05 11:04:41'),(40,2,'Handled_Stock',-1,'Viewed handled stocks}','2026-04-05 11:09:30'),(41,2,'Handled_Stock',-1,'Viewed handled stocks}','2026-04-05 11:09:30'),(42,2,'Handled_Stock',-1,'Viewed handled stocks}','2026-04-05 11:09:42'),(43,2,'Handled_Stock',-1,'Viewed handled stocks}','2026-04-05 11:09:42'),(44,1,'Handled_Stock',-1,'Viewed handled stocks}','2026-04-05 11:09:48'),(45,2,'Handled_Stock',-1,'Viewed handled stocks}','2026-04-05 11:10:51'),(46,2,'Handled_Stock',-1,'Viewed handled stocks}','2026-04-05 11:10:51'),(47,2,'Handled_Stock',-1,'Viewed handled stocks}','2026-04-05 11:11:30'),(48,2,'Handled_Stock',-1,'Viewed handled stocks}','2026-04-05 11:11:30'),(49,2,'Handled_Stock',-1,'Viewed handled stocks}','2026-04-05 11:11:49'),(50,2,'Handled_Stock',-1,'Viewed handled stocks}','2026-04-05 11:11:49'),(51,2,'Handled_Stock',-1,'Viewed handled stocks}','2026-04-05 11:20:57'),(52,2,'Handled_Stock',-1,'Viewed handled stocks}','2026-04-05 11:20:57'),(53,2,'Handled_Stock',-1,'Viewed handled stocks}','2026-04-05 11:22:16'),(54,2,'Handled_Stock',-1,'Viewed handled stocks}','2026-04-05 11:22:16'),(55,2,'Handled_Stock',-1,'Viewed handled stocks}','2026-04-05 11:22:49'),(56,2,'Handled_Stock',-1,'Viewed handled stocks}','2026-04-05 11:22:49'),(57,2,'Handled_Stock',-1,'Viewed handled stocks}','2026-04-05 11:23:16'),(58,2,'Handled_Stock',-1,'Viewed handled stocks}','2026-04-05 11:23:16'),(59,2,'Handled_Stock',-1,'Viewed handled stocks}','2026-04-05 11:23:34'),(60,2,'Handled_Stock',-1,'Viewed handled stocks}','2026-04-05 11:23:34'),(61,2,'Handled_Stock',-1,'Viewed handled stocks}','2026-04-05 11:23:51'),(62,2,'Handled_Stock',-1,'Viewed handled stocks}','2026-04-05 11:23:51'),(63,2,'Handled_Stock',-1,'Viewed handled stocks}','2026-04-05 11:24:12'),(64,2,'Handled_Stock',-1,'Viewed handled stocks}','2026-04-05 11:24:12'),(65,2,'Handled_Stock',-1,'Viewed handled stocks}','2026-04-05 11:25:20'),(66,2,'Handled_Stock',-1,'Viewed handled stocks}','2026-04-05 11:25:20'),(67,2,'Handled_Stock',-1,'Viewed handled stocks}','2026-04-05 11:25:40'),(68,2,'Handled_Stock',-1,'Viewed handled stocks}','2026-04-05 11:25:40'),(69,2,'Handled_Stock',-1,'Viewed handled stocks}','2026-04-05 11:26:54'),(70,2,'Handled_Stock',-1,'Viewed handled stocks}','2026-04-05 11:26:54'),(71,2,'Handled_Stock',-1,'Viewed handled stocks}','2026-04-05 11:27:08'),(72,2,'Handled_Stock',-1,'Viewed handled stocks}','2026-04-05 11:27:08'),(73,2,'Handled_Stock',-1,'Viewed handled stocks}','2026-04-05 11:28:24'),(74,2,'Handled_Stock',-1,'Viewed handled stocks}','2026-04-05 11:28:24'),(75,2,'Handled_Stock',-1,'Viewed handled stocks}','2026-04-05 11:29:41'),(76,2,'Handled_Stock',-1,'Viewed handled stocks}','2026-04-05 11:29:41'),(77,2,'Handled_Stock',-1,'Viewed handled stocks}','2026-04-05 11:29:52'),(78,2,'Handled_Stock',-1,'Viewed handled stocks}','2026-04-05 11:29:52'),(79,2,'Handled_Stock',-1,'Viewed handled stocks}','2026-04-05 11:30:10'),(80,2,'Handled_Stock',-1,'Viewed handled stocks}','2026-04-05 11:30:10'),(81,2,'Handled_Stock',-1,'Viewed handled stocks}','2026-04-05 11:32:04'),(82,2,'Handled_Stock',-1,'Viewed handled stocks}','2026-04-05 11:32:04'),(83,2,'Handled_Stock',-1,'Viewed handled stocks}','2026-04-05 11:33:03'),(84,2,'Handled_Stock',-1,'Viewed handled stocks}','2026-04-05 11:33:03'),(85,2,'Handled_Stock',-1,'Viewed handled stocks}','2026-04-05 11:33:48'),(86,2,'Handled_Stock',-1,'Viewed handled stocks}','2026-04-05 11:33:48'),(87,2,'Handled_Stock',-1,'Viewed handled stocks}','2026-04-05 11:34:07'),(88,2,'Handled_Stock',-1,'Viewed handled stocks}','2026-04-05 11:34:07'),(89,2,'Handled_Stock',-1,'Viewed handled stocks}','2026-04-05 11:36:03'),(90,2,'Handled_Stock',-1,'Viewed handled stocks}','2026-04-05 11:36:03'),(91,2,'Handled_Stock',-1,'Viewed handled stocks}','2026-04-05 11:36:33'),(92,2,'Handled_Stock',-1,'Viewed handled stocks}','2026-04-05 11:36:33'),(93,2,'Handled_Stock',-1,'Viewed handled stocks}','2026-04-05 11:36:44'),(94,2,'Handled_Stock',-1,'Viewed handled stocks}','2026-04-05 11:36:44'),(95,2,'Handled_Stock',-1,'Viewed handled stocks}','2026-04-05 11:37:50'),(96,2,'Handled_Stock',-1,'Viewed handled stocks}','2026-04-05 11:37:50'),(97,2,'Handled_Stock',-1,'Viewed handled stocks}','2026-04-05 11:38:09'),(98,2,'Handled_Stock',-1,'Viewed handled stocks}','2026-04-05 11:38:09'),(99,2,'Handled_Stock',-1,'Viewed handled stocks}','2026-04-05 11:38:43'),(100,2,'Handled_Stock',-1,'Viewed handled stocks}','2026-04-05 11:38:43'),(101,2,'Handled_Stock',-1,'Viewed handled stocks}','2026-04-05 11:41:56'),(102,2,'Handled_Stock',-1,'Viewed handled stocks}','2026-04-05 11:41:56'),(103,2,'Handled_Stock',-1,'Viewed handled stocks}','2026-04-05 11:42:17'),(104,2,'Handled_Stock',-1,'Viewed handled stocks}','2026-04-05 11:42:17'),(105,2,'Handled_Stock',-1,'Viewed handled stocks}','2026-04-05 11:43:00'),(106,2,'Handled_Stock',-1,'Viewed handled stocks}','2026-04-05 11:43:00'),(107,2,'Handled_Stock',-1,'Viewed handled stocks}','2026-04-05 11:43:17'),(108,2,'Handled_Stock',-1,'Viewed handled stocks}','2026-04-05 11:43:17'),(109,2,'Handled_Stock',-1,'Viewed handled stocks}','2026-04-05 11:44:19'),(110,2,'Handled_Stock',-1,'Viewed handled stocks}','2026-04-05 11:44:19'),(111,2,'Handled_Stock',-1,'Viewed handled stocks}','2026-04-05 11:45:01'),(112,2,'Handled_Stock',-1,'Viewed handled stocks}','2026-04-05 11:45:01'),(113,2,'Handled_Stock',-1,'Viewed handled stocks}','2026-04-05 11:47:30'),(114,2,'Handled_Stock',-1,'Viewed handled stocks}','2026-04-05 11:47:30'),(115,2,'Handled_Stock',-1,'Viewed handled stocks}','2026-04-05 11:47:49'),(116,2,'Handled_Stock',-1,'Viewed handled stocks}','2026-04-05 11:47:49'),(117,2,'Handled_Stock',-1,'Viewed handled stocks}','2026-04-05 11:48:29'),(118,2,'Handled_Stock',-1,'Viewed handled stocks}','2026-04-05 11:48:29'),(119,2,'Handled_Stock',-1,'Viewed handled stocks}','2026-04-05 11:49:15'),(120,2,'Handled_Stock',-1,'Viewed handled stocks}','2026-04-05 11:49:15'),(121,2,'Handled_Stock',-1,'Viewed handled stocks}','2026-04-05 11:49:28'),(122,2,'Handled_Stock',-1,'Viewed handled stocks}','2026-04-05 11:49:28'),(123,2,'Handled_Stock',-1,'Viewed handled stocks}','2026-04-05 11:50:03'),(124,2,'Handled_Stock',-1,'Viewed handled stocks}','2026-04-05 11:50:03'),(125,2,'Handled_Stock',-1,'Viewed handled stocks}','2026-04-05 11:50:13'),(126,2,'Handled_Stock',-1,'Viewed handled stocks}','2026-04-05 11:50:13'),(127,2,'Handled_Stock',-1,'Viewed handled stocks}','2026-04-05 11:50:55'),(128,2,'Handled_Stock',-1,'Viewed handled stocks}','2026-04-05 11:50:55'),(129,2,'Handled_Stock',-1,'Viewed handled stocks}','2026-04-05 11:52:49'),(130,2,'Handled_Stock',-1,'Viewed handled stocks}','2026-04-05 11:52:49'),(131,2,'Handled_Stock',-1,'Viewed handled stocks}','2026-04-05 11:53:23'),(132,2,'Handled_Stock',-1,'Viewed handled stocks}','2026-04-05 11:53:23'),(133,2,'Handled_Stock',-1,'Viewed handled stocks}','2026-04-05 12:00:10'),(134,2,'Handled_Stock',-1,'Viewed handled stocks}','2026-04-05 12:00:10'),(135,2,'Handled_Stock',-1,'Viewed handled stocks}','2026-04-05 12:00:48'),(136,2,'Handled_Stock',-1,'Viewed handled stocks}','2026-04-05 12:00:48'),(137,2,'Handled_Stock',-1,'Viewed handled stocks}','2026-04-05 12:01:02'),(138,2,'Handled_Stock',-1,'Viewed handled stocks}','2026-04-05 12:01:02'),(139,2,'Handled_Stock',-1,'Viewed handled stocks}','2026-04-05 12:01:28'),(140,2,'Handled_Stock',-1,'Viewed handled stocks}','2026-04-05 12:01:28'),(141,2,'Handled_Stock',-1,'Viewed handled stocks}','2026-04-05 12:02:10'),(142,2,'Handled_Stock',-1,'Viewed handled stocks}','2026-04-05 12:02:10'),(143,2,'Handled_Stock',-1,'Viewed handled stocks}','2026-04-05 12:02:27'),(144,2,'Handled_Stock',-1,'Viewed handled stocks}','2026-04-05 12:02:27'),(145,2,'Handled_Stock',-1,'Viewed handled stocks}','2026-04-05 12:07:41'),(146,2,'Handled_Stock',-1,'Viewed handled stocks}','2026-04-05 12:07:41'),(147,2,'Handled_Stock',-1,'Viewed handled stocks}','2026-04-05 12:08:52'),(148,2,'Handled_Stock',-1,'Viewed handled stocks}','2026-04-05 12:08:52'),(149,2,'Handled_Stock',-1,'Viewed handled stocks}','2026-04-05 12:09:13'),(150,2,'Handled_Stock',-1,'Viewed handled stocks}','2026-04-05 12:09:13'),(151,2,'Handled_Stock',-1,'Viewed handled stocks}','2026-04-05 12:10:24'),(152,2,'Handled_Stock',-1,'Viewed handled stocks}','2026-04-05 12:10:24'),(153,2,'Handled_Stock',-1,'Viewed handled stocks}','2026-04-05 12:11:19'),(154,2,'Handled_Stock',-1,'Viewed handled stocks}','2026-04-05 12:11:19'),(155,2,'Handled_Stock',-1,'Viewed handled stocks}','2026-04-05 12:12:49'),(156,2,'Handled_Stock',-1,'Viewed handled stocks}','2026-04-05 12:12:49'),(157,2,'Handled_Stock',-1,'Viewed handled stocks}','2026-04-05 12:13:57'),(158,2,'Handled_Stock',-1,'Viewed handled stocks}','2026-04-05 12:13:57'),(159,2,'Handled_Stock',-1,'Viewed handled stocks}','2026-04-05 12:14:42'),(160,2,'Handled_Stock',-1,'Viewed handled stocks}','2026-04-05 12:14:42'),(161,2,'Handled_Stock',-1,'Viewed handled stocks}','2026-04-05 12:14:49'),(162,2,'Handled_Stock',-1,'Viewed handled stocks}','2026-04-05 12:14:49'),(163,2,'Handled_Stock',-1,'Viewed handled stocks}','2026-04-05 12:15:19'),(164,2,'Handled_Stock',-1,'Viewed handled stocks}','2026-04-05 12:15:19'),(165,2,'Handled_Stock',-1,'Viewed handled stocks}','2026-04-05 12:15:32'),(166,2,'Handled_Stock',-1,'Viewed handled stocks}','2026-04-05 12:15:32'),(167,2,'Handled_Stock',-1,'Viewed handled stocks}','2026-04-05 12:16:05'),(168,2,'Handled_Stock',-1,'Viewed handled stocks}','2026-04-05 12:16:05'),(169,2,'Handled_Stock',-1,'Viewed handled stocks}','2026-04-05 12:17:49'),(170,2,'Handled_Stock',-1,'Viewed handled stocks}','2026-04-05 12:17:49'),(171,2,'Handled_Stock',-1,'Viewed handled stocks}','2026-04-05 12:19:19'),(172,2,'Handled_Stock',-1,'Viewed handled stocks}','2026-04-05 12:19:19'),(173,2,'Handled_Stock',-1,'Viewed handled stocks}','2026-04-05 12:20:41'),(174,2,'Handled_Stock',-1,'Viewed handled stocks}','2026-04-05 12:20:41'),(175,2,'Handled_Stock',-1,'Viewed handled stocks}','2026-04-05 12:24:19'),(176,2,'Handled_Stock',-1,'Viewed handled stocks}','2026-04-05 12:24:19'),(177,2,'Handled_Stock',-1,'Viewed handled stocks}','2026-04-05 12:24:51'),(178,2,'Handled_Stock',-1,'Viewed handled stocks}','2026-04-05 12:24:51'),(179,2,'Handled_Stock',-1,'Viewed handled stocks}','2026-04-05 12:25:38'),(180,2,'Handled_Stock',-1,'Viewed handled stocks}','2026-04-05 12:25:38'),(181,2,'Handled_Stock',-1,'Viewed handled stocks}','2026-04-05 12:26:14'),(182,2,'Handled_Stock',-1,'Viewed handled stocks}','2026-04-05 12:26:14'),(183,2,'Handled_Stock',-1,'Viewed handled stocks}','2026-04-05 12:27:10'),(184,2,'Handled_Stock',-1,'Viewed handled stocks}','2026-04-05 12:27:10'),(185,2,'Handled_Stock',-1,'Viewed handled stocks}','2026-04-05 12:27:30'),(186,2,'Handled_Stock',-1,'Viewed handled stocks}','2026-04-05 12:27:30'),(187,2,'Handled_Stock',-1,'Viewed handled stocks}','2026-04-05 12:28:00'),(188,2,'Handled_Stock',-1,'Viewed handled stocks}','2026-04-05 12:28:00'),(189,2,'Handled_Stock',-1,'Viewed handled stocks}','2026-04-05 12:28:48'),(190,2,'Handled_Stock',-1,'Viewed handled stocks}','2026-04-05 12:28:48'),(191,2,'Handled_Stock',-1,'Viewed handled stocks}','2026-04-05 12:29:08'),(192,2,'Handled_Stock',-1,'Viewed handled stocks}','2026-04-05 12:29:08'),(193,2,'Handled_Stock',-1,'Viewed handled stocks}','2026-04-05 12:29:24'),(194,2,'Handled_Stock',-1,'Viewed handled stocks}','2026-04-05 12:29:24'),(195,2,'Handled_Stock',-1,'Viewed handled stocks}','2026-04-05 12:30:01'),(196,2,'Handled_Stock',-1,'Viewed handled stocks}','2026-04-05 12:30:01'),(197,2,'Handled_Stock',-1,'Viewed handled stocks}','2026-04-05 12:30:30'),(198,2,'Handled_Stock',-1,'Viewed handled stocks}','2026-04-05 12:30:30'),(199,2,'Handled_Stock',-1,'Viewed handled stocks}','2026-04-05 12:33:51'),(200,2,'Handled_Stock',-1,'Viewed handled stocks}','2026-04-05 12:33:51'),(201,1,'Handled_Stock',-1,'Viewed handled stocks}','2026-04-05 12:35:52'),(202,1,'Handled_Stock',-1,'Viewed handled stocks}','2026-04-05 12:37:58'),(203,2,'Handled_Stock',-1,'Viewed handled stocks}','2026-04-05 12:42:37'),(204,2,'Handled_Stock',-1,'Viewed handled stocks}','2026-04-05 12:42:37'),(205,2,'Handled_Stock',-1,'Viewed handled stocks}','2026-04-05 12:43:09'),(206,2,'Handled_Stock',-1,'Viewed handled stocks}','2026-04-05 12:43:09'),(207,2,'Handled_Stock',-1,'Viewed handled stocks}','2026-04-05 12:44:47'),(208,2,'Handled_Stock',-1,'Viewed handled stocks}','2026-04-05 12:44:47'),(209,2,'Handled_Stock',-1,'Viewed handled stocks}','2026-04-05 12:46:35'),(210,2,'Handled_Stock',-1,'Viewed handled stocks}','2026-04-05 12:46:35'),(211,2,'Handled_Stock',-1,'Viewed handled stocks}','2026-04-05 12:47:20'),(212,2,'Handled_Stock',-1,'Viewed handled stocks}','2026-04-05 12:47:20'),(213,2,'Handled_Stock',-1,'Viewed handled stocks}','2026-04-05 12:48:33'),(214,2,'Handled_Stock',-1,'Viewed handled stocks}','2026-04-05 12:48:33'),(215,2,'Handled_Stock',-1,'Viewed handled stocks}','2026-04-05 12:48:58'),(216,2,'Handled_Stock',-1,'Viewed handled stocks}','2026-04-05 12:48:58'),(217,2,'Handled_Stock',-1,'Viewed handled stocks}','2026-04-05 12:50:19'),(218,2,'Handled_Stock',-1,'Viewed handled stocks}','2026-04-05 12:50:19'),(219,2,'Handled_Stock',-1,'Viewed handled stocks}','2026-04-05 12:50:34'),(220,2,'Handled_Stock',-1,'Viewed handled stocks}','2026-04-05 12:50:34'),(221,2,'Handled_Stock',-1,'Viewed handled stocks}','2026-04-05 12:51:35'),(222,2,'Handled_Stock',-1,'Viewed handled stocks}','2026-04-05 12:51:35'),(223,2,'Handled_Stock',-1,'Viewed handled stocks}','2026-04-05 12:52:58'),(224,2,'Handled_Stock',-1,'Viewed handled stocks}','2026-04-05 12:52:58'),(225,2,'Handled_Stock',-1,'Viewed handled stocks}','2026-04-05 12:53:13'),(226,2,'Handled_Stock',-1,'Viewed handled stocks}','2026-04-05 12:53:13'),(227,2,'Handled_Stock',-1,'Viewed handled stocks}','2026-04-05 12:53:42'),(228,2,'Handled_Stock',-1,'Viewed handled stocks}','2026-04-05 12:53:42'),(229,2,'Handled_Stock',-1,'Viewed handled stocks}','2026-04-05 12:53:56'),(230,2,'Handled_Stock',-1,'Viewed handled stocks}','2026-04-05 12:53:56'),(231,2,'Handled_Stock',-1,'Viewed handled stocks}','2026-04-05 12:54:06'),(232,2,'Handled_Stock',-1,'Viewed handled stocks}','2026-04-05 12:54:06'),(233,2,'Handled_Stock',-1,'Viewed handled stocks}','2026-04-05 12:54:16'),(234,2,'Handled_Stock',-1,'Viewed handled stocks}','2026-04-05 12:54:16'),(235,2,'Handled_Stock',-1,'Viewed handled stocks}','2026-04-05 12:54:26'),(236,2,'Handled_Stock',-1,'Viewed handled stocks}','2026-04-05 12:54:26'),(237,2,'Handled_Stock',-1,'Viewed handled stocks}','2026-04-05 12:54:39'),(238,2,'Handled_Stock',-1,'Viewed handled stocks}','2026-04-05 12:54:39'),(239,2,'Handled_Stock',-1,'Viewed handled stocks}','2026-04-05 12:54:59'),(240,2,'Handled_Stock',-1,'Viewed handled stocks}','2026-04-05 12:54:59'),(241,2,'Handled_Stock',-1,'Viewed handled stocks}','2026-04-05 12:55:15'),(242,2,'Handled_Stock',-1,'Viewed handled stocks}','2026-04-05 12:55:15'),(243,2,'Handled_Stock',-1,'Viewed handled stocks}','2026-04-05 12:55:27'),(244,2,'Handled_Stock',-1,'Viewed handled stocks}','2026-04-05 12:55:27'),(245,2,'Handled_Stock',-1,'Viewed handled stocks}','2026-04-05 12:55:36'),(246,2,'Handled_Stock',-1,'Viewed handled stocks}','2026-04-05 12:55:36'),(247,2,'Handled_Stock',-1,'Viewed handled stocks}','2026-04-05 12:57:30'),(248,2,'Handled_Stock',-1,'Viewed handled stocks}','2026-04-05 12:57:30'),(249,2,'Handled_Stock',-1,'Viewed handled stocks}','2026-04-05 12:58:23'),(250,2,'Handled_Stock',-1,'Viewed handled stocks}','2026-04-05 12:58:23'),(251,2,'Handled_Stock',-1,'Viewed handled stocks}','2026-04-05 12:58:42'),(252,2,'Handled_Stock',-1,'Viewed handled stocks}','2026-04-05 12:58:42'),(253,2,'Handled_Stock',-1,'Viewed handled stocks}','2026-04-05 13:00:02'),(254,2,'Handled_Stock',-1,'Viewed handled stocks}','2026-04-05 13:00:02'),(255,2,'Handled_Stock',-1,'Viewed handled stocks}','2026-04-05 13:00:24'),(256,2,'Handled_Stock',-1,'Viewed handled stocks}','2026-04-05 13:00:24'),(257,2,'Handled_Stock',-1,'Viewed handled stocks}','2026-04-05 13:00:53'),(258,2,'Handled_Stock',-1,'Viewed handled stocks}','2026-04-05 13:00:53'),(259,2,'Handled_Stock',-1,'Viewed handled stocks}','2026-04-05 13:01:12'),(260,2,'Handled_Stock',-1,'Viewed handled stocks}','2026-04-05 13:01:12'),(261,2,'Handled_Stock',-1,'Viewed handled stocks}','2026-04-05 13:01:30'),(262,2,'Handled_Stock',-1,'Viewed handled stocks}','2026-04-05 13:01:30'),(263,2,'Handled_Stock',-1,'Viewed handled stocks}','2026-04-05 13:01:40'),(264,2,'Handled_Stock',-1,'Viewed handled stocks}','2026-04-05 13:01:40'),(265,2,'Handled_Stock',-1,'Viewed handled stocks}','2026-04-05 13:01:58'),(266,2,'Handled_Stock',-1,'Viewed handled stocks}','2026-04-05 13:01:58'),(267,2,'Handled_Stock',-1,'Viewed handled stocks}','2026-04-05 13:02:26'),(268,2,'Handled_Stock',-1,'Viewed handled stocks}','2026-04-05 13:02:26'),(269,1,'Handled_Stock',-1,'Viewed handled stocks}','2026-04-05 13:17:35'),(270,2,'Handled_Stock',-1,'Viewed handled stocks}','2026-04-05 13:26:40'),(271,2,'Handled_Stock',-1,'Viewed handled stocks}','2026-04-05 13:26:40'),(272,2,'Handled_Stock',-1,'Viewed handled stocks}','2026-04-05 13:30:23'),(273,2,'Handled_Stock',-1,'Viewed handled stocks}','2026-04-05 13:30:23'),(274,2,'Handled_Stock',-1,'Viewed handled stocks}','2026-04-05 13:31:02'),(275,2,'Handled_Stock',-1,'Viewed handled stocks}','2026-04-05 13:31:02'),(276,2,'Handled_Stock',-1,'Viewed handled stocks}','2026-04-05 13:32:17'),(277,2,'Handled_Stock',-1,'Viewed handled stocks}','2026-04-05 13:32:17'),(278,2,'Handled_Stock',-1,'Viewed handled stocks}','2026-04-05 13:33:47'),(279,2,'Handled_Stock',-1,'Viewed handled stocks}','2026-04-05 13:33:47'),(280,2,'Handled_Stock',-1,'Viewed handled stocks}','2026-04-05 13:34:07'),(281,2,'Handled_Stock',-1,'Viewed handled stocks}','2026-04-05 13:34:07'),(282,2,'Handled_Stock',-1,'Viewed handled stocks}','2026-04-05 13:35:16'),(283,2,'Handled_Stock',-1,'Viewed handled stocks}','2026-04-05 13:35:16'),(284,2,'Handled_Stock',-1,'Viewed handled stocks}','2026-04-05 13:36:00'),(285,2,'Handled_Stock',-1,'Viewed handled stocks}','2026-04-05 13:36:00'),(286,2,'Handled_Stock',-1,'Viewed handled stocks}','2026-04-05 13:36:51'),(287,2,'Handled_Stock',-1,'Viewed handled stocks}','2026-04-05 13:36:51'),(288,2,'Handled_Stock',-1,'Viewed handled stocks}','2026-04-05 13:38:05'),(289,2,'Handled_Stock',-1,'Viewed handled stocks}','2026-04-05 13:38:05'),(290,2,'Handled_Stock',-1,'Viewed handled stocks}','2026-04-05 13:39:01'),(291,2,'Handled_Stock',-1,'Viewed handled stocks}','2026-04-05 13:39:01'),(292,2,'Handled_Stock',-1,'Viewed handled stocks}','2026-04-05 13:47:08'),(293,2,'Handled_Stock',-1,'Viewed handled stocks}','2026-04-05 13:47:08'),(294,2,'Handled_Stock',-1,'Viewed handled stocks}','2026-04-05 13:47:15'),(295,2,'Handled_Stock',-1,'Viewed handled stocks}','2026-04-05 13:47:15'),(296,2,'Handled_Stock',-1,'Viewed handled stocks}','2026-04-05 13:48:16'),(297,2,'Handled_Stock',-1,'Viewed handled stocks}','2026-04-05 13:48:16'),(298,2,'Handled_Stock',-1,'Viewed handled stocks}','2026-04-05 13:50:56'),(299,2,'Handled_Stock',-1,'Viewed handled stocks}','2026-04-05 13:50:56'),(300,2,'Handled_Stock',-1,'Viewed handled stocks}','2026-04-05 14:01:01'),(301,2,'Handled_Stock',-1,'Viewed handled stocks}','2026-04-05 14:01:01'),(302,2,'Handled_Stock',-1,'Viewed handled stocks}','2026-04-05 14:09:47'),(303,2,'Handled_Stock',-1,'Viewed handled stocks}','2026-04-05 14:09:47'),(304,2,'Handled_Stock',-1,'Viewed handled stocks}','2026-04-05 14:09:55'),(305,2,'Handled_Stock',-1,'Viewed handled stocks}','2026-04-05 14:09:55'),(306,2,'Handled_Stock',-1,'Viewed handled stocks}','2026-04-05 14:10:22'),(307,2,'Handled_Stock',-1,'Viewed handled stocks}','2026-04-05 14:10:22'),(308,2,'Handled_Stock',-1,'Viewed handled stocks}','2026-04-05 14:10:47'),(309,2,'Handled_Stock',-1,'Viewed handled stocks}','2026-04-05 14:10:47'),(310,2,'Handled_Stock',-1,'Viewed handled stocks}','2026-04-05 14:11:40'),(311,2,'Handled_Stock',-1,'Viewed handled stocks}','2026-04-05 14:11:40'),(312,2,'Handled_Stock',-1,'Viewed handled stocks}','2026-04-05 14:12:09'),(313,2,'Handled_Stock',-1,'Viewed handled stocks}','2026-04-05 14:12:09'),(314,2,'Handled_Stock',-1,'Viewed handled stocks}','2026-04-05 14:12:21'),(315,2,'Handled_Stock',-1,'Viewed handled stocks}','2026-04-05 14:12:21'),(316,2,'Handled_Stock',-1,'Viewed handled stocks}','2026-04-05 14:12:27'),(317,2,'Handled_Stock',-1,'Viewed handled stocks}','2026-04-05 14:12:27'),(318,2,'Handled_Stock',-1,'Viewed handled stocks}','2026-04-05 14:13:08'),(319,2,'Handled_Stock',-1,'Viewed handled stocks}','2026-04-05 14:13:08'),(320,2,'Handled_Stock',-1,'Viewed handled stocks}','2026-04-05 14:14:23'),(321,2,'Handled_Stock',-1,'Viewed handled stocks}','2026-04-05 14:14:23'),(322,2,'Handled_Stock',-1,'Viewed handled stocks}','2026-04-05 14:15:34'),(323,2,'Handled_Stock',-1,'Viewed handled stocks}','2026-04-05 14:15:34'),(324,2,'Handled_Stock',-1,'Viewed handled stocks}','2026-04-05 14:16:10'),(325,2,'Handled_Stock',-1,'Viewed handled stocks}','2026-04-05 14:16:10'),(326,2,'Handled_Stock',-1,'Viewed handled stocks}','2026-04-05 14:17:44'),(327,2,'Handled_Stock',-1,'Viewed handled stocks}','2026-04-05 14:17:44'),(328,2,'Handled_Stock',-1,'Viewed handled stocks}','2026-04-05 14:18:12'),(329,2,'Handled_Stock',-1,'Viewed handled stocks}','2026-04-05 14:18:12'),(330,2,'Handled_Stock',-1,'Viewed handled stocks}','2026-04-05 14:19:20'),(331,2,'Handled_Stock',-1,'Viewed handled stocks}','2026-04-05 14:19:20'),(332,1,'Handled_Stock',-1,'Viewed handled stocks}','2026-04-05 14:20:07'),(333,2,'Handled_Stock',-1,'Viewed handled stocks}','2026-04-05 14:20:44'),(334,2,'Handled_Stock',-1,'Viewed handled stocks}','2026-04-05 14:20:44'),(335,2,'Handled_Stock',-1,'Viewed handled stocks}','2026-04-05 14:20:57'),(336,2,'Handled_Stock',-1,'Viewed handled stocks}','2026-04-05 14:20:57'),(337,2,'Handled_Stock',-1,'Viewed handled stocks}','2026-04-05 14:22:04'),(338,2,'Handled_Stock',-1,'Viewed handled stocks}','2026-04-05 14:22:04'),(339,2,'Handled_Stock',-1,'Viewed handled stocks}','2026-04-05 14:22:11'),(340,2,'Handled_Stock',-1,'Viewed handled stocks}','2026-04-05 14:22:11'),(341,2,'Handled_Stock',-1,'Viewed handled stocks}','2026-04-05 14:22:26'),(342,2,'Handled_Stock',-1,'Viewed handled stocks}','2026-04-05 14:22:26'),(343,2,'Handled_Stock',-1,'Viewed handled stocks}','2026-04-05 14:22:55'),(344,2,'Handled_Stock',-1,'Viewed handled stocks}','2026-04-05 14:22:55'),(345,2,'Handled_Stock',-1,'Viewed handled stocks}','2026-04-05 14:23:48'),(346,2,'Handled_Stock',-1,'Viewed handled stocks}','2026-04-05 14:23:48'),(347,2,'Handled_Stock',-1,'Viewed handled stocks}','2026-04-05 14:24:03'),(348,2,'Handled_Stock',-1,'Viewed handled stocks}','2026-04-05 14:24:03'),(349,2,'Handled_Stock',-1,'Viewed handled stocks}','2026-04-05 14:24:27'),(350,2,'Handled_Stock',-1,'Viewed handled stocks}','2026-04-05 14:24:27'),(351,2,'Handled_Stock',-1,'Viewed handled stocks}','2026-04-05 14:24:48'),(352,2,'Handled_Stock',-1,'Viewed handled stocks}','2026-04-05 14:24:48'),(353,2,'Handled_Stock',-1,'Viewed handled stocks}','2026-04-05 14:26:03'),(354,2,'Handled_Stock',-1,'Viewed handled stocks}','2026-04-05 14:26:03'),(355,2,'Handled_Stock',-1,'Viewed handled stocks}','2026-04-05 14:28:30'),(356,2,'Handled_Stock',-1,'Viewed handled stocks}','2026-04-05 14:28:30'),(357,2,'Handled_Stock',-1,'Viewed handled stocks}','2026-04-05 14:28:53'),(358,2,'Handled_Stock',-1,'Viewed handled stocks}','2026-04-05 14:28:53'),(359,2,'Handled_Stock',-1,'Viewed handled stocks}','2026-04-05 14:29:22'),(360,2,'Handled_Stock',-1,'Viewed handled stocks}','2026-04-05 14:29:22'),(361,2,'Handled_Stock',-1,'Viewed handled stocks}','2026-04-05 14:29:47'),(362,2,'Handled_Stock',-1,'Viewed handled stocks}','2026-04-05 14:29:47'),(363,2,'Handled_Stock',-1,'Viewed handled stocks}','2026-04-05 14:31:07'),(364,2,'Handled_Stock',-1,'Viewed handled stocks}','2026-04-05 14:31:07'),(365,2,'Handled_Stock',-1,'Viewed handled stocks}','2026-04-05 14:31:22'),(366,2,'Handled_Stock',-1,'Viewed handled stocks}','2026-04-05 14:31:22'),(367,2,'Handled_Stock',-1,'Viewed handled stocks}','2026-04-05 14:31:31'),(368,2,'Handled_Stock',-1,'Viewed handled stocks}','2026-04-05 14:31:31'),(369,2,'Handled_Stock',-1,'Viewed handled stocks}','2026-04-05 14:31:41'),(370,2,'Handled_Stock',-1,'Viewed handled stocks}','2026-04-05 14:31:41'),(371,2,'Handled_Stock',-1,'Viewed handled stocks}','2026-04-05 14:31:51'),(372,2,'Handled_Stock',-1,'Viewed handled stocks}','2026-04-05 14:31:51'),(373,2,'Handled_Stock',-1,'Viewed handled stocks}','2026-04-05 14:32:14'),(374,2,'Handled_Stock',-1,'Viewed handled stocks}','2026-04-05 14:32:14'),(375,2,'Handled_Stock',-1,'Viewed handled stocks}','2026-04-05 14:32:28'),(376,2,'Handled_Stock',-1,'Viewed handled stocks}','2026-04-05 14:32:28'),(377,2,'Handled_Stock',-1,'Viewed handled stocks}','2026-04-05 14:32:50'),(378,2,'Handled_Stock',-1,'Viewed handled stocks}','2026-04-05 14:32:50'),(379,2,'Handled_Stock',-1,'Viewed handled stocks}','2026-04-05 14:33:47'),(380,2,'Handled_Stock',-1,'Viewed handled stocks}','2026-04-05 14:33:47'),(381,2,'Handled_Stock',-1,'Viewed handled stocks}','2026-04-05 14:34:17'),(382,2,'Handled_Stock',-1,'Viewed handled stocks}','2026-04-05 14:34:17'),(383,2,'Handled_Stock',-1,'Viewed handled stocks}','2026-04-05 14:34:40'),(384,2,'Handled_Stock',-1,'Viewed handled stocks}','2026-04-05 14:34:40'),(385,2,'Handled_Stock',-1,'Viewed handled stocks}','2026-04-05 14:35:00'),(386,2,'Handled_Stock',-1,'Viewed handled stocks}','2026-04-05 14:35:00'),(387,2,'Handled_Stock',-1,'Viewed handled stocks}','2026-04-05 14:35:14'),(388,2,'Handled_Stock',-1,'Viewed handled stocks}','2026-04-05 14:35:14'),(389,2,'Handled_Stock',-1,'Viewed handled stocks}','2026-04-05 14:35:32'),(390,2,'Handled_Stock',-1,'Viewed handled stocks}','2026-04-05 14:35:32'),(391,2,'Handled_Stock',-1,'Viewed handled stocks}','2026-04-05 14:36:08'),(392,2,'Handled_Stock',-1,'Viewed handled stocks}','2026-04-05 14:36:08'),(393,2,'Handled_Stock',-1,'Viewed handled stocks}','2026-04-05 14:36:39'),(394,2,'Handled_Stock',-1,'Viewed handled stocks}','2026-04-05 14:36:39'),(395,2,'Handled_Stock',-1,'Viewed handled stocks}','2026-04-05 14:36:49'),(396,2,'Handled_Stock',-1,'Viewed handled stocks}','2026-04-05 14:36:49'),(397,2,'Handled_Stock',-1,'Viewed handled stocks}','2026-04-05 14:37:46'),(398,2,'Handled_Stock',-1,'Viewed handled stocks}','2026-04-05 14:37:46'),(399,2,'Handled_Stock',-1,'Viewed handled stocks}','2026-04-05 14:38:43'),(400,2,'Handled_Stock',-1,'Viewed handled stocks}','2026-04-05 14:38:43'),(401,2,'Handled_Stock',-1,'Viewed handled stocks}','2026-04-05 14:39:24'),(402,2,'Handled_Stock',-1,'Viewed handled stocks}','2026-04-05 14:39:24'),(403,2,'Handled_Stock',-1,'Viewed handled stocks}','2026-04-05 14:40:04'),(404,2,'Handled_Stock',-1,'Viewed handled stocks}','2026-04-05 14:40:04'),(405,2,'Handled_Stock',-1,'Viewed handled stocks}','2026-04-05 14:40:27'),(406,2,'Handled_Stock',-1,'Viewed handled stocks}','2026-04-05 14:40:27'),(407,2,'Handled_Stock',-1,'Viewed handled stocks}','2026-04-05 14:40:33'),(408,2,'Handled_Stock',-1,'Viewed handled stocks}','2026-04-05 14:40:33'),(409,2,'Handled_Stock',-1,'Viewed handled stocks}','2026-04-05 14:40:46'),(410,2,'Handled_Stock',-1,'Viewed handled stocks}','2026-04-05 14:40:46'),(411,2,'Handled_Stock',-1,'Viewed handled stocks}','2026-04-05 14:41:04'),(412,2,'Handled_Stock',-1,'Viewed handled stocks}','2026-04-05 14:41:04'),(413,2,'Handled_Stock',-1,'Viewed handled stocks}','2026-04-05 14:41:20'),(414,2,'Handled_Stock',-1,'Viewed handled stocks}','2026-04-05 14:41:20'),(415,2,'Handled_Stock',-1,'Viewed handled stocks}','2026-04-05 14:41:40'),(416,2,'Handled_Stock',-1,'Viewed handled stocks}','2026-04-05 14:41:40'),(417,2,'Handled_Stock',-1,'Viewed handled stocks}','2026-04-05 14:42:36'),(418,2,'Handled_Stock',-1,'Viewed handled stocks}','2026-04-05 14:42:36'),(419,2,'Handled_Stock',-1,'Viewed handled stocks}','2026-04-05 14:42:43'),(420,2,'Handled_Stock',-1,'Viewed handled stocks}','2026-04-05 14:42:43'),(421,2,'Handled_Stock',-1,'Viewed handled stocks}','2026-04-05 14:43:23'),(422,2,'Handled_Stock',-1,'Viewed handled stocks}','2026-04-05 14:43:23'),(423,2,'Handled_Stock',-1,'Viewed handled stocks}','2026-04-05 14:44:03'),(424,2,'Handled_Stock',-1,'Viewed handled stocks}','2026-04-05 14:44:03'),(425,2,'Handled_Stock',-1,'Viewed handled stocks}','2026-04-05 14:44:17'),(426,2,'Handled_Stock',-1,'Viewed handled stocks}','2026-04-05 14:44:17'),(427,2,'Handled_Stock',-1,'Viewed handled stocks}','2026-04-05 14:44:34'),(428,2,'Handled_Stock',-1,'Viewed handled stocks}','2026-04-05 14:44:34'),(429,2,'Handled_Stock',-1,'Viewed handled stocks}','2026-04-05 14:45:26'),(430,2,'Handled_Stock',-1,'Viewed handled stocks}','2026-04-05 14:45:26'),(431,2,'Handled_Stock',-1,'Viewed handled stocks}','2026-04-05 14:45:40'),(432,2,'Handled_Stock',-1,'Viewed handled stocks}','2026-04-05 14:45:40'),(433,2,'Handled_Stock',-1,'Viewed handled stocks}','2026-04-05 14:46:22'),(434,2,'Handled_Stock',-1,'Viewed handled stocks}','2026-04-05 14:46:22'),(435,2,'Handled_Stock',-1,'Viewed handled stocks}','2026-04-05 14:48:04'),(436,2,'Handled_Stock',-1,'Viewed handled stocks}','2026-04-05 14:48:04'),(437,1,'Handled_Stock',-1,'Viewed handled stocks}','2026-04-05 14:48:28'),(438,2,'Handled_Stock',-1,'Viewed handled stocks}','2026-04-05 14:49:14'),(439,2,'Handled_Stock',-1,'Viewed handled stocks}','2026-04-05 14:49:14'),(440,2,'Handled_Stock',-1,'Viewed handled stocks}','2026-04-05 14:49:50'),(441,2,'Handled_Stock',-1,'Viewed handled stocks}','2026-04-05 14:49:50'),(442,2,'Handled_Stock',-1,'Viewed handled stocks}','2026-04-05 14:51:03'),(443,2,'Handled_Stock',-1,'Viewed handled stocks}','2026-04-05 14:51:03'),(444,2,'Handled_Stock',-1,'Viewed handled stocks}','2026-04-05 14:51:33'),(445,2,'Handled_Stock',-1,'Viewed handled stocks}','2026-04-05 14:51:33'),(446,2,'Handled_Stock',-1,'Viewed handled stocks}','2026-04-05 14:52:08'),(447,2,'Handled_Stock',-1,'Viewed handled stocks}','2026-04-05 14:52:08'),(448,2,'Handled_Stock',-1,'Viewed handled stocks}','2026-04-05 14:52:29'),(449,2,'Handled_Stock',-1,'Viewed handled stocks}','2026-04-05 14:52:29'),(450,2,'Handled_Stock',-1,'Viewed handled stocks}','2026-04-05 14:52:49'),(451,2,'Handled_Stock',-1,'Viewed handled stocks}','2026-04-05 14:52:49'),(452,2,'Handled_Stock',-1,'Viewed handled stocks}','2026-04-05 14:53:16'),(453,2,'Handled_Stock',-1,'Viewed handled stocks}','2026-04-05 14:53:16'),(454,2,'Handled_Stock',-1,'Viewed handled stocks}','2026-04-05 14:54:00'),(455,2,'Handled_Stock',-1,'Viewed handled stocks}','2026-04-05 14:54:00'),(456,2,'Handled_Stock',-1,'Viewed handled stocks}','2026-04-05 14:55:01'),(457,2,'Handled_Stock',-1,'Viewed handled stocks}','2026-04-05 14:55:01'),(458,2,'Handled_Stock',-1,'Viewed handled stocks}','2026-04-05 14:55:13'),(459,2,'Handled_Stock',-1,'Viewed handled stocks}','2026-04-05 14:55:13'),(460,1,'Handled_Stock',-1,'Viewed handled stocks}','2026-04-05 14:55:36'),(461,2,'Handled_Stock',-1,'Viewed handled stocks}','2026-04-05 14:57:13'),(462,2,'Handled_Stock',-1,'Viewed handled stocks}','2026-04-05 14:57:13'),(463,2,'Handled_Stock',-1,'Viewed handled stocks}','2026-04-05 15:26:37'),(464,2,'Handled_Stock',-1,'Viewed handled stocks}','2026-04-05 15:26:37'),(465,2,'Handled_Stock',-1,'Viewed handled stocks}','2026-04-05 15:42:38'),(466,2,'Handled_Stock',-1,'Viewed handled stocks}','2026-04-05 15:42:38'),(467,2,'Handled_Stock',-1,'Viewed handled stocks}','2026-04-05 15:42:49'),(468,2,'Handled_Stock',-1,'Viewed handled stocks}','2026-04-05 15:43:03'),(469,2,'Handled_Stock',-1,'Viewed handled stocks}','2026-04-05 15:43:03'),(470,2,'Handled_Stock',-1,'Viewed handled stocks}','2026-04-05 15:58:42'),(471,2,'Handled_Stock',-1,'Viewed handled stocks}','2026-04-05 15:58:42'),(472,2,'Handled_Stock',-1,'Viewed handled stocks}','2026-04-05 15:58:54'),(473,2,'Handled_Stock',-1,'Viewed handled stocks}','2026-04-05 15:58:54'),(474,2,'Handled_Stock',-1,'Viewed handled stocks}','2026-04-05 15:59:13'),(475,2,'Handled_Stock',-1,'Viewed handled stocks}','2026-04-05 15:59:13'),(476,2,'Handled_Stock',-1,'Viewed handled stocks}','2026-04-05 16:07:23'),(477,2,'Handled_Stock',-1,'Viewed handled stocks}','2026-04-05 16:07:23'),(478,2,'Handled_Stock',-1,'Viewed handled stocks}','2026-04-05 16:07:45'),(479,2,'Handled_Stock',-1,'Viewed handled stocks}','2026-04-05 16:07:45'),(480,2,'Handled_Stock',-1,'Viewed handled stocks}','2026-04-05 16:09:04'),(481,2,'Handled_Stock',-1,'Viewed handled stocks}','2026-04-05 16:09:04'),(482,2,'Handled_Stock',-1,'Viewed handled stocks}','2026-04-05 16:09:43'),(483,2,'Handled_Stock',-1,'Viewed handled stocks}','2026-04-05 16:09:43'),(484,2,'Handled_Stock',-1,'Viewed handled stocks}','2026-04-05 16:10:07'),(485,2,'Handled_Stock',-1,'Viewed handled stocks}','2026-04-05 16:10:07'),(486,2,'Handled_Stock',-1,'Viewed handled stocks}','2026-04-05 16:11:40'),(487,2,'Handled_Stock',-1,'Viewed handled stocks}','2026-04-05 16:11:40'),(488,2,'Handled_Stock',-1,'Viewed handled stocks}','2026-04-05 16:13:11'),(489,2,'Handled_Stock',-1,'Viewed handled stocks}','2026-04-05 16:13:11'),(490,2,'Handled_Stock',-1,'Viewed handled stocks}','2026-04-05 16:14:36'),(491,2,'Handled_Stock',-1,'Viewed handled stocks}','2026-04-05 16:14:36'),(492,2,'Handled_Stock',-1,'Viewed handled stocks}','2026-04-05 16:14:59'),(493,2,'Handled_Stock',-1,'Viewed handled stocks}','2026-04-05 16:14:59'),(494,2,'Handled_Stock',-1,'Viewed handled stocks}','2026-04-05 16:15:16'),(495,2,'Handled_Stock',-1,'Viewed handled stocks}','2026-04-05 16:15:16'),(496,2,'Handled_Stock',-1,'Viewed handled stocks}','2026-04-05 16:16:27'),(497,2,'Handled_Stock',-1,'Viewed handled stocks}','2026-04-05 16:16:27'),(498,2,'Handled_Stock',-1,'Viewed handled stocks}','2026-04-05 16:17:20'),(499,2,'Handled_Stock',-1,'Viewed handled stocks}','2026-04-05 16:17:20'),(500,2,'Handled_Stock',-1,'Viewed handled stocks}','2026-04-05 16:21:19'),(501,2,'Handled_Stock',-1,'Viewed handled stocks}','2026-04-05 16:21:19'),(502,2,'Handled_Stock',-1,'Viewed handled stocks}','2026-04-05 16:21:56'),(503,2,'Handled_Stock',-1,'Viewed handled stocks}','2026-04-05 16:21:56'),(504,2,'Handled_Stock',-1,'Viewed handled stocks}','2026-04-05 16:22:52'),(505,2,'Handled_Stock',-1,'Viewed handled stocks}','2026-04-05 16:22:52'),(506,2,'Handled_Stock',-1,'Viewed handled stocks}','2026-04-05 16:23:33'),(507,2,'Handled_Stock',-1,'Viewed handled stocks}','2026-04-05 16:23:33'),(508,2,'Handled_Stock',-1,'Viewed handled stocks}','2026-04-05 16:23:59'),(509,2,'Handled_Stock',-1,'Viewed handled stocks}','2026-04-05 16:23:59'),(510,2,'Handled_Stock',-1,'Viewed handled stocks}','2026-04-05 16:25:01'),(511,2,'Handled_Stock',-1,'Viewed handled stocks}','2026-04-05 16:25:01');
/*!40000 ALTER TABLE `audit_log` ENABLE KEYS */;
UNLOCK TABLES;

--
-- Table structure for table `handled_stock`
--

DROP TABLE IF EXISTS `handled_stock`;
/*!40101 SET @saved_cs_client     = @@character_set_client */;
/*!50503 SET character_set_client = utf8mb4 */;
CREATE TABLE `handled_stock` (
  `ActivityId` int NOT NULL,
  `ProductId` int NOT NULL,
  `Quantity` decimal(10,0) DEFAULT NULL,
  KEY `ActivityId` (`ActivityId`),
  KEY `ProductId` (`ProductId`),
  CONSTRAINT `handled_stock_ibfk_1` FOREIGN KEY (`ActivityId`) REFERENCES `stock_activity` (`ActivityId`),
  CONSTRAINT `handled_stock_ibfk_2` FOREIGN KEY (`ProductId`) REFERENCES `product` (`ProductId`)
) ENGINE=InnoDB DEFAULT CHARSET=utf8mb4 COLLATE=utf8mb4_0900_ai_ci;
/*!40101 SET character_set_client = @saved_cs_client */;

--
-- Dumping data for table `handled_stock`
--

LOCK TABLES `handled_stock` WRITE;
/*!40000 ALTER TABLE `handled_stock` DISABLE KEYS */;
INSERT INTO `handled_stock` VALUES (1,13,12),(2,4,2),(2,5,2),(2,6,2),(2,8,4),(2,11,3),(2,7,2),(4,1,12),(4,2,2),(4,12,2),(5,2,2);
/*!40000 ALTER TABLE `handled_stock` ENABLE KEYS */;
UNLOCK TABLES;

--
-- Table structure for table `handling_staff`
--

DROP TABLE IF EXISTS `handling_staff`;
/*!40101 SET @saved_cs_client     = @@character_set_client */;
/*!50503 SET character_set_client = utf8mb4 */;
CREATE TABLE `handling_staff` (
  `StaffId` int NOT NULL,
  `ActivityId` int NOT NULL,
  KEY `StaffId` (`StaffId`),
  KEY `ActivityId` (`ActivityId`),
  CONSTRAINT `handling_staff_ibfk_1` FOREIGN KEY (`StaffId`) REFERENCES `staff` (`StaffId`),
  CONSTRAINT `handling_staff_ibfk_2` FOREIGN KEY (`ActivityId`) REFERENCES `stock_activity` (`ActivityId`)
) ENGINE=InnoDB DEFAULT CHARSET=utf8mb4 COLLATE=utf8mb4_0900_ai_ci;
/*!40101 SET character_set_client = @saved_cs_client */;

--
-- Dumping data for table `handling_staff`
--

LOCK TABLES `handling_staff` WRITE;
/*!40000 ALTER TABLE `handling_staff` DISABLE KEYS */;
INSERT INTO `handling_staff` VALUES (2,1),(2,2),(2,3),(2,4),(2,5),(1,2),(3,4),(4,4);
/*!40000 ALTER TABLE `handling_staff` ENABLE KEYS */;
UNLOCK TABLES;

--
-- Table structure for table `product`
--

DROP TABLE IF EXISTS `product`;
/*!40101 SET @saved_cs_client     = @@character_set_client */;
/*!50503 SET character_set_client = utf8mb4 */;
CREATE TABLE `product` (
  `ProductId` int NOT NULL AUTO_INCREMENT,
  `UsageId` int DEFAULT NULL,
  `ProductName` varchar(100) DEFAULT NULL,
  `Inventory` decimal(10,0) DEFAULT NULL,
  `StockIn` decimal(10,0) DEFAULT NULL,
  `StockOut` decimal(10,0) DEFAULT NULL,
  PRIMARY KEY (`ProductId`),
  UNIQUE KEY `ProductId` (`ProductId`),
  KEY `UsageId` (`UsageId`),
  CONSTRAINT `product_ibfk_1` FOREIGN KEY (`UsageId`) REFERENCES `usage_category` (`UsageId`)
) ENGINE=InnoDB AUTO_INCREMENT=14 DEFAULT CHARSET=utf8mb4 COLLATE=utf8mb4_0900_ai_ci;
/*!40101 SET character_set_client = @saved_cs_client */;

--
-- Dumping data for table `product`
--

LOCK TABLES `product` WRITE;
/*!40000 ALTER TABLE `product` DISABLE KEYS */;
INSERT INTO `product` VALUES (1,1,'Caramel Syrup',10,0,0),(2,1,'Vanilla Syrup',15,0,0),(3,1,'Coffee Syrup',15,0,0),(4,1,'Hazelnut Syrup',15,0,0),(5,1,'Salted Caramel Syrup',15,0,0),(6,1,'Buttery Caramel Syrup',15,0,0),(7,1,'Pumpkin Pie Syrup',15,0,0),(8,1,'Forest Pine Syrup',15,0,0),(9,1,'Cookie Butter Syrup',15,0,0),(10,1,'Irish Cream Syrup',15,0,0),(11,1,'Puremade Strawberry Syrup',15,0,0),(12,1,'Dark Chocolate Syrup',15,0,0),(13,1,'Mocha Syrup',15,0,0);
/*!40000 ALTER TABLE `product` ENABLE KEYS */;
UNLOCK TABLES;

--
-- Table structure for table `staff`
--

DROP TABLE IF EXISTS `staff`;
/*!40101 SET @saved_cs_client     = @@character_set_client */;
/*!50503 SET character_set_client = utf8mb4 */;
CREATE TABLE `staff` (
  `StaffId` int NOT NULL AUTO_INCREMENT,
  `Username` varchar(50) NOT NULL,
  `Role` enum('Staff','Manager') NOT NULL,
  `Password` longtext NOT NULL,
  `FirstName` varchar(50) DEFAULT NULL,
  `MiddleInitial` varchar(50) DEFAULT NULL,
  `LastName` varchar(50) DEFAULT NULL,
  PRIMARY KEY (`StaffId`),
  UNIQUE KEY `StaffId` (`StaffId`),
  UNIQUE KEY `Username` (`Username`)
) ENGINE=InnoDB AUTO_INCREMENT=5 DEFAULT CHARSET=utf8mb4 COLLATE=utf8mb4_0900_ai_ci;
/*!40101 SET character_set_client = @saved_cs_client */;

--
-- Dumping data for table `staff`
--

LOCK TABLES `staff` WRITE;
/*!40000 ALTER TABLE `staff` DISABLE KEYS */;
INSERT INTO `staff` VALUES (0,'Superadmin','Manager','AAAAAAAA',NULL,NULL,NULL),(1,'rob','Staff','Roberto','Roberto','T','Bienestar'),(2,'tess','Staff','tess','Teresita','C','Tarantino'),(3,'mateo','Staff','mateo','Mateo','A','Madriaga'),(4,'esme','Staff','esme','Esmeralda','S','Buenavista');
/*!40000 ALTER TABLE `staff` ENABLE KEYS */;
UNLOCK TABLES;

--
-- Table structure for table `stock_activity`
--

DROP TABLE IF EXISTS `stock_activity`;
/*!40101 SET @saved_cs_client     = @@character_set_client */;
/*!50503 SET character_set_client = utf8mb4 */;
CREATE TABLE `stock_activity` (
  `ActivityId` int NOT NULL AUTO_INCREMENT,
  `ActivityType` enum('Receive','Dispatch','Inventory') DEFAULT NULL,
  `Date` datetime DEFAULT CURRENT_TIMESTAMP,
  PRIMARY KEY (`ActivityId`),
  UNIQUE KEY `ActivityId` (`ActivityId`)
) ENGINE=InnoDB AUTO_INCREMENT=6 DEFAULT CHARSET=utf8mb4 COLLATE=utf8mb4_0900_ai_ci;
/*!40101 SET character_set_client = @saved_cs_client */;

--
-- Dumping data for table `stock_activity`
--

LOCK TABLES `stock_activity` WRITE;
/*!40000 ALTER TABLE `stock_activity` DISABLE KEYS */;
INSERT INTO `stock_activity` VALUES (1,'Receive','2026-04-05 14:59:29'),(2,'Receive','2026-04-05 15:06:51'),(3,'Dispatch','2026-04-05 15:09:24'),(4,'Dispatch','2026-04-05 19:03:01'),(5,'Inventory','2026-04-05 23:26:34');
/*!40000 ALTER TABLE `stock_activity` ENABLE KEYS */;
UNLOCK TABLES;

--
-- Table structure for table `usage_category`
--

DROP TABLE IF EXISTS `usage_category`;
/*!40101 SET @saved_cs_client     = @@character_set_client */;
/*!50503 SET character_set_client = utf8mb4 */;
CREATE TABLE `usage_category` (
  `UsageId` int NOT NULL,
  `Name` varchar(100) DEFAULT NULL,
  PRIMARY KEY (`UsageId`),
  UNIQUE KEY `UsageId` (`UsageId`)
) ENGINE=InnoDB DEFAULT CHARSET=utf8mb4 COLLATE=utf8mb4_0900_ai_ci;
/*!40101 SET character_set_client = @saved_cs_client */;

--
-- Dumping data for table `usage_category`
--

LOCK TABLES `usage_category` WRITE;
/*!40000 ALTER TABLE `usage_category` DISABLE KEYS */;
INSERT INTO `usage_category` VALUES (1,'Ingredient');
/*!40000 ALTER TABLE `usage_category` ENABLE KEYS */;
UNLOCK TABLES;
/*!40103 SET TIME_ZONE=@OLD_TIME_ZONE */;

/*!40101 SET SQL_MODE=@OLD_SQL_MODE */;
/*!40014 SET FOREIGN_KEY_CHECKS=@OLD_FOREIGN_KEY_CHECKS */;
/*!40014 SET UNIQUE_CHECKS=@OLD_UNIQUE_CHECKS */;
/*!40101 SET CHARACTER_SET_CLIENT=@OLD_CHARACTER_SET_CLIENT */;
/*!40101 SET CHARACTER_SET_RESULTS=@OLD_CHARACTER_SET_RESULTS */;
/*!40101 SET COLLATION_CONNECTION=@OLD_COLLATION_CONNECTION */;
/*!40111 SET SQL_NOTES=@OLD_SQL_NOTES */;

-- Dump completed on 2026-04-06  1:32:18
